<?xml version="1.0" encoding="UTF-8"?>
<metadata
  xmlns:xsi="http://www.w3.org/2001/XMLSchema-instance"
  xmlns:dc="http://purl.org/dc/elements/1.1/">
  <dc:title>Test record</dc:title>
  <dc:creator>Anusha</dc:creator>
  <dc:subject>Sword</dc:subject>
  <dc:subject>Crosswalk</dc:subject>
  <dc:description>This is a test dc record to test the dc crosswalk</dc:description>
  <dc:publisher>Digital Nest</dc:publisher>
  <dc:contributor>The dublin core generator</dc:contributor>
  <dc:date>29/05/2018</dc:date>
  <dc:source>http://sword.digitalnest.com</dc:source>
  <dc:language>English</dc:language>
  <dc:relation>http://example.com</dc:relation>
  <dc:rights>CC-0</dc:rights>
</metadata>
